{
    "MSE": {
        "1": 0.00094,
        "2": 0.000724,
        "3": 0.001269,
        "4": 0.001891,
        "5": 0.003473,
        "6": 0.00645,
        "7": 0.008165,
        "8": 0.011326,
        "9": 0.017233,
        "10": 0.02452,
        "11": 0.044094,
        "12": 0.044094,
        "13": 0.071551,
        "14": 0.071551,
        "15": 0.071551,
        "16": 0.071551,
        "17": 0.115853,
        "18": 0.115853,
        "19": 0.115853,
        "20": 0.115853,
        "21": 0.115853,
        "22": 0.176916,
        "23": 0.176916,
        "24": 0.176916,
        "25": 0.176916,
        "26": 0.176916,
        "27": 0.176916,
        "28": 0.176916,
        "29": 0.176916,
        "30": 0.176916,
        "31": 0.176916,
        "32": 0.176916,
        "33": 0.245848,
        "34": 0.245848,
        "35": 0.245848,
        "36": 0.245848,
        "37": 0.245848,
        "38": 0.245848,
        "39": 0.245848,
        "40": 0.245848,
        "41": 0.245848,
        "42": 0.245848,
        "43": 0.245848,
        "44": 0.245848,
        "45": 0.245848,
        "46": 0.245848,
        "47": 0.245848,
        "48": 0.245848,
        "49": 0.245848,
        "50": 0.245848,
        "51": 0.245848,
        "52": 0.245848,
        "53": 0.245848,
        "54": 0.245848,
        "55": 0.245848,
        "56": 0.245848,
        "57": 0.245848,
        "58": 0.245848,
        "59": 0.245848,
        "60": 0.245848,
        "61": 0.245848,
        "62": 0.245848,
        "63": 0.245848,
        "64": 0.245848
    },
    "PSNR": {
        "1": 30.27,
        "2": 31.4,
        "3": 28.97,
        "4": 27.23,
        "5": 24.59,
        "6": 21.9,
        "7": 20.88,
        "8": 19.46,
        "9": 17.64,
        "10": 16.1,
        "11": 13.56,
        "12": 13.56,
        "13": 11.45,
        "14": 11.45,
        "15": 11.45,
        "16": 11.45,
        "17": 9.36,
        "18": 9.36,
        "19": 9.36,
        "20": 9.36,
        "21": 9.36,
        "22": 7.52,
        "23": 7.52,
        "24": 7.52,
        "25": 7.52,
        "26": 7.52,
        "27": 7.52,
        "28": 7.52,
        "29": 7.52,
        "30": 7.52,
        "31": 7.52,
        "32": 7.52,
        "33": 6.09,
        "34": 6.09,
        "35": 6.09,
        "36": 6.09,
        "37": 6.09,
        "38": 6.09,
        "39": 6.09,
        "40": 6.09,
        "41": 6.09,
        "42": 6.09,
        "43": 6.09,
        "44": 6.09,
        "45": 6.09,
        "46": 6.09,
        "47": 6.09,
        "48": 6.09,
        "49": 6.09,
        "50": 6.09,
        "51": 6.09,
        "52": 6.09,
        "53": 6.09,
        "54": 6.09,
        "55": 6.09,
        "56": 6.09,
        "57": 6.09,
        "58": 6.09,
        "59": 6.09,
        "60": 6.09,
        "61": 6.09,
        "62": 6.09,
        "63": 6.09,
        "64": 6.09
    },
    "SSIM": {
        "1": 0.925594,
        "2": 0.919255,
        "3": 0.889807,
        "4": 0.850343,
        "5": 0.77167,
        "6": 0.72712,
        "7": 0.704268,
        "8": 0.673406,
        "9": 0.636656,
        "10": 0.609813,
        "11": 0.534497,
        "12": 0.534497,
        "13": 0.436715,
        "14": 0.436715,
        "15": 0.436715,
        "16": 0.436715,
        "17": 0.361929,
        "18": 0.361929,
        "19": 0.361929,
        "20": 0.361929,
        "21": 0.361929,
        "22": 0.211767,
        "23": 0.211767,
        "24": 0.211767,
        "25": 0.211767,
        "26": 0.211767,
        "27": 0.211767,
        "28": 0.211767,
        "29": 0.211767,
        "30": 0.211767,
        "31": 0.211767,
        "32": 0.211767,
        "33": 0.088878,
        "34": 0.088878,
        "35": 0.088878,
        "36": 0.088878,
        "37": 0.088878,
        "38": 0.088878,
        "39": 0.088878,
        "40": 0.088878,
        "41": 0.088878,
        "42": 0.088878,
        "43": 0.088878,
        "44": 0.088878,
        "45": 0.088878,
        "46": 0.088878,
        "47": 0.088878,
        "48": 0.088878,
        "49": 0.088878,
        "50": 0.088878,
        "51": 0.088878,
        "52": 0.088878,
        "53": 0.088878,
        "54": 0.088878,
        "55": 0.088878,
        "56": 0.088878,
        "57": 0.088878,
        "58": 0.088878,
        "59": 0.088878,
        "60": 0.088878,
        "61": 0.088878,
        "62": 0.088878,
        "63": 0.088878,
        "64": 0.088878
    }
}