{
    "MSE": {
        "1": 0.00094,
        "2": 0.000718,
        "3": 0.001244,
        "4": 0.001846,
        "5": 0.003337,
        "6": 0.006158,
        "7": 0.007847,
        "8": 0.01074,
        "9": 0.016522,
        "10": 0.023374,
        "11": 0.041924,
        "12": 0.041924,
        "13": 0.067393,
        "14": 0.067393,
        "15": 0.067393,
        "16": 0.067393,
        "17": 0.107554,
        "18": 0.107554,
        "19": 0.107554,
        "20": 0.107554,
        "21": 0.107554,
        "22": 0.163632,
        "23": 0.163632,
        "24": 0.163632,
        "25": 0.163632,
        "26": 0.163632,
        "27": 0.163632,
        "28": 0.163632,
        "29": 0.163632,
        "30": 0.163632,
        "31": 0.163632,
        "32": 0.163632,
        "33": 0.231904,
        "34": 0.231904,
        "35": 0.231904,
        "36": 0.231904,
        "37": 0.231904,
        "38": 0.231904,
        "39": 0.231904,
        "40": 0.231904,
        "41": 0.231904,
        "42": 0.231904,
        "43": 0.231904,
        "44": 0.231904,
        "45": 0.231904,
        "46": 0.231904,
        "47": 0.231904,
        "48": 0.231904,
        "49": 0.231904,
        "50": 0.231904,
        "51": 0.231904,
        "52": 0.231904,
        "53": 0.231904,
        "54": 0.231904,
        "55": 0.231904,
        "56": 0.231904,
        "57": 0.231904,
        "58": 0.231904,
        "59": 0.231904,
        "60": 0.231904,
        "61": 0.231904,
        "62": 0.231904,
        "63": 0.231904,
        "64": 0.231904
    },
    "PSNR": {
        "1": 30.27,
        "2": 31.44,
        "3": 29.05,
        "4": 27.34,
        "5": 24.77,
        "6": 22.11,
        "7": 21.05,
        "8": 19.69,
        "9": 17.82,
        "10": 16.31,
        "11": 13.78,
        "12": 13.78,
        "13": 11.71,
        "14": 11.71,
        "15": 11.71,
        "16": 11.71,
        "17": 9.68,
        "18": 9.68,
        "19": 9.68,
        "20": 9.68,
        "21": 9.68,
        "22": 7.86,
        "23": 7.86,
        "24": 7.86,
        "25": 7.86,
        "26": 7.86,
        "27": 7.86,
        "28": 7.86,
        "29": 7.86,
        "30": 7.86,
        "31": 7.86,
        "32": 7.86,
        "33": 6.35,
        "34": 6.35,
        "35": 6.35,
        "36": 6.35,
        "37": 6.35,
        "38": 6.35,
        "39": 6.35,
        "40": 6.35,
        "41": 6.35,
        "42": 6.35,
        "43": 6.35,
        "44": 6.35,
        "45": 6.35,
        "46": 6.35,
        "47": 6.35,
        "48": 6.35,
        "49": 6.35,
        "50": 6.35,
        "51": 6.35,
        "52": 6.35,
        "53": 6.35,
        "54": 6.35,
        "55": 6.35,
        "56": 6.35,
        "57": 6.35,
        "58": 6.35,
        "59": 6.35,
        "60": 6.35,
        "61": 6.35,
        "62": 6.35,
        "63": 6.35,
        "64": 6.35
    },
    "SSIM": {
        "1": 0.925594,
        "2": 0.919433,
        "3": 0.889965,
        "4": 0.850873,
        "5": 0.772343,
        "6": 0.728416,
        "7": 0.705285,
        "8": 0.674933,
        "9": 0.638435,
        "10": 0.612262,
        "11": 0.538923,
        "12": 0.538923,
        "13": 0.437842,
        "14": 0.437842,
        "15": 0.437842,
        "16": 0.437842,
        "17": 0.364302,
        "18": 0.364302,
        "19": 0.364302,
        "20": 0.364302,
        "21": 0.364302,
        "22": 0.212914,
        "23": 0.212914,
        "24": 0.212914,
        "25": 0.212914,
        "26": 0.212914,
        "27": 0.212914,
        "28": 0.212914,
        "29": 0.212914,
        "30": 0.212914,
        "31": 0.212914,
        "32": 0.212914,
        "33": 0.090487,
        "34": 0.090487,
        "35": 0.090487,
        "36": 0.090487,
        "37": 0.090487,
        "38": 0.090487,
        "39": 0.090487,
        "40": 0.090487,
        "41": 0.090487,
        "42": 0.090487,
        "43": 0.090487,
        "44": 0.090487,
        "45": 0.090487,
        "46": 0.090487,
        "47": 0.090487,
        "48": 0.090487,
        "49": 0.090487,
        "50": 0.090487,
        "51": 0.090487,
        "52": 0.090487,
        "53": 0.090487,
        "54": 0.090487,
        "55": 0.090487,
        "56": 0.090487,
        "57": 0.090487,
        "58": 0.090487,
        "59": 0.090487,
        "60": 0.090487,
        "61": 0.090487,
        "62": 0.090487,
        "63": 0.090487,
        "64": 0.090487
    }
}