{
    "MSE": {
        "1": 0.00036,
        "2": 0.000369,
        "3": 0.000441,
        "4": 0.000532,
        "5": 0.000669,
        "6": 0.0011,
        "7": 0.001526,
        "8": 0.002619,
        "9": 0.004661,
        "10": 0.008669,
        "11": 0.023573,
        "12": 0.023573,
        "13": 0.051748,
        "14": 0.051748,
        "15": 0.051748,
        "16": 0.051748,
        "17": 0.096077,
        "18": 0.096077,
        "19": 0.096077,
        "20": 0.096077,
        "21": 0.096077,
        "22": 0.159834,
        "23": 0.159834,
        "24": 0.159834,
        "25": 0.159834,
        "26": 0.159834,
        "27": 0.159834,
        "28": 0.159834,
        "29": 0.159834,
        "30": 0.159834,
        "31": 0.159834,
        "32": 0.159834,
        "33": 0.231904,
        "34": 0.231904,
        "35": 0.231904,
        "36": 0.231904,
        "37": 0.231904,
        "38": 0.231904,
        "39": 0.231904,
        "40": 0.231904,
        "41": 0.231904,
        "42": 0.231904,
        "43": 0.231904,
        "44": 0.231904,
        "45": 0.231904,
        "46": 0.231904,
        "47": 0.231904,
        "48": 0.231904,
        "49": 0.231904,
        "50": 0.231904,
        "51": 0.231904,
        "52": 0.231904,
        "53": 0.231904,
        "54": 0.231904,
        "55": 0.231904,
        "56": 0.231904,
        "57": 0.231904,
        "58": 0.231904,
        "59": 0.231904,
        "60": 0.231904,
        "61": 0.231904,
        "62": 0.231904,
        "63": 0.231904,
        "64": 0.231904
    },
    "PSNR": {
        "1": 34.43,
        "2": 34.32,
        "3": 33.55,
        "4": 32.74,
        "5": 31.75,
        "6": 29.59,
        "7": 28.17,
        "8": 25.82,
        "9": 23.32,
        "10": 20.62,
        "11": 16.28,
        "12": 16.28,
        "13": 12.86,
        "14": 12.86,
        "15": 12.86,
        "16": 12.86,
        "17": 10.17,
        "18": 10.17,
        "19": 10.17,
        "20": 10.17,
        "21": 10.17,
        "22": 7.96,
        "23": 7.96,
        "24": 7.96,
        "25": 7.96,
        "26": 7.96,
        "27": 7.96,
        "28": 7.96,
        "29": 7.96,
        "30": 7.96,
        "31": 7.96,
        "32": 7.96,
        "33": 6.35,
        "34": 6.35,
        "35": 6.35,
        "36": 6.35,
        "37": 6.35,
        "38": 6.35,
        "39": 6.35,
        "40": 6.35,
        "41": 6.35,
        "42": 6.35,
        "43": 6.35,
        "44": 6.35,
        "45": 6.35,
        "46": 6.35,
        "47": 6.35,
        "48": 6.35,
        "49": 6.35,
        "50": 6.35,
        "51": 6.35,
        "52": 6.35,
        "53": 6.35,
        "54": 6.35,
        "55": 6.35,
        "56": 6.35,
        "57": 6.35,
        "58": 6.35,
        "59": 6.35,
        "60": 6.35,
        "61": 6.35,
        "62": 6.35,
        "63": 6.35,
        "64": 6.35
    },
    "SSIM": {
        "1": 0.957363,
        "2": 0.95448,
        "3": 0.947256,
        "4": 0.934311,
        "5": 0.911186,
        "6": 0.882633,
        "7": 0.87102,
        "8": 0.833997,
        "9": 0.776011,
        "10": 0.717286,
        "11": 0.594767,
        "12": 0.594767,
        "13": 0.482649,
        "14": 0.482649,
        "15": 0.482649,
        "16": 0.482649,
        "17": 0.386989,
        "18": 0.386989,
        "19": 0.386989,
        "20": 0.386989,
        "21": 0.386989,
        "22": 0.217127,
        "23": 0.217127,
        "24": 0.217127,
        "25": 0.217127,
        "26": 0.217127,
        "27": 0.217127,
        "28": 0.217127,
        "29": 0.217127,
        "30": 0.217127,
        "31": 0.217127,
        "32": 0.217127,
        "33": 0.090487,
        "34": 0.090487,
        "35": 0.090487,
        "36": 0.090487,
        "37": 0.090487,
        "38": 0.090487,
        "39": 0.090487,
        "40": 0.090487,
        "41": 0.090487,
        "42": 0.090487,
        "43": 0.090487,
        "44": 0.090487,
        "45": 0.090487,
        "46": 0.090487,
        "47": 0.090487,
        "48": 0.090487,
        "49": 0.090487,
        "50": 0.090487,
        "51": 0.090487,
        "52": 0.090487,
        "53": 0.090487,
        "54": 0.090487,
        "55": 0.090487,
        "56": 0.090487,
        "57": 0.090487,
        "58": 0.090487,
        "59": 0.090487,
        "60": 0.090487,
        "61": 0.090487,
        "62": 0.090487,
        "63": 0.090487,
        "64": 0.090487
    }
}