{
    "MSE": {
        "1": 0.00036,
        "2": 0.00037,
        "3": 0.000441,
        "4": 0.000536,
        "5": 0.000671,
        "6": 0.001142,
        "7": 0.001571,
        "8": 0.002771,
        "9": 0.004964,
        "10": 0.008715,
        "11": 0.024819,
        "12": 0.024819,
        "13": 0.054494,
        "14": 0.054494,
        "15": 0.054494,
        "16": 0.054494,
        "17": 0.103538,
        "18": 0.103538,
        "19": 0.103538,
        "20": 0.103538,
        "21": 0.103538,
        "22": 0.173382,
        "23": 0.173382,
        "24": 0.173382,
        "25": 0.173382,
        "26": 0.173382,
        "27": 0.173382,
        "28": 0.173382,
        "29": 0.173382,
        "30": 0.173382,
        "31": 0.173382,
        "32": 0.173382,
        "33": 0.245848,
        "34": 0.245848,
        "35": 0.245848,
        "36": 0.245848,
        "37": 0.245848,
        "38": 0.245848,
        "39": 0.245848,
        "40": 0.245848,
        "41": 0.245848,
        "42": 0.245848,
        "43": 0.245848,
        "44": 0.245848,
        "45": 0.245848,
        "46": 0.245848,
        "47": 0.245848,
        "48": 0.245848,
        "49": 0.245848,
        "50": 0.245848,
        "51": 0.245848,
        "52": 0.245848,
        "53": 0.245848,
        "54": 0.245848,
        "55": 0.245848,
        "56": 0.245848,
        "57": 0.245848,
        "58": 0.245848,
        "59": 0.245848,
        "60": 0.245848,
        "61": 0.245848,
        "62": 0.245848,
        "63": 0.245848,
        "64": 0.245848
    },
    "PSNR": {
        "1": 34.43,
        "2": 34.32,
        "3": 33.56,
        "4": 32.71,
        "5": 31.74,
        "6": 29.42,
        "7": 28.04,
        "8": 25.57,
        "9": 23.04,
        "10": 20.6,
        "11": 16.05,
        "12": 16.05,
        "13": 12.64,
        "14": 12.64,
        "15": 12.64,
        "16": 12.64,
        "17": 9.85,
        "18": 9.85,
        "19": 9.85,
        "20": 9.85,
        "21": 9.85,
        "22": 7.61,
        "23": 7.61,
        "24": 7.61,
        "25": 7.61,
        "26": 7.61,
        "27": 7.61,
        "28": 7.61,
        "29": 7.61,
        "30": 7.61,
        "31": 7.61,
        "32": 7.61,
        "33": 6.09,
        "34": 6.09,
        "35": 6.09,
        "36": 6.09,
        "37": 6.09,
        "38": 6.09,
        "39": 6.09,
        "40": 6.09,
        "41": 6.09,
        "42": 6.09,
        "43": 6.09,
        "44": 6.09,
        "45": 6.09,
        "46": 6.09,
        "47": 6.09,
        "48": 6.09,
        "49": 6.09,
        "50": 6.09,
        "51": 6.09,
        "52": 6.09,
        "53": 6.09,
        "54": 6.09,
        "55": 6.09,
        "56": 6.09,
        "57": 6.09,
        "58": 6.09,
        "59": 6.09,
        "60": 6.09,
        "61": 6.09,
        "62": 6.09,
        "63": 6.09,
        "64": 6.09
    },
    "SSIM": {
        "1": 0.957366,
        "2": 0.954464,
        "3": 0.947264,
        "4": 0.934276,
        "5": 0.911154,
        "6": 0.882438,
        "7": 0.870881,
        "8": 0.83364,
        "9": 0.775373,
        "10": 0.716746,
        "11": 0.592885,
        "12": 0.592885,
        "13": 0.482055,
        "14": 0.482055,
        "15": 0.482055,
        "16": 0.482055,
        "17": 0.38477,
        "18": 0.38477,
        "19": 0.38477,
        "20": 0.38477,
        "21": 0.38477,
        "22": 0.216504,
        "23": 0.216504,
        "24": 0.216504,
        "25": 0.216504,
        "26": 0.216504,
        "27": 0.216504,
        "28": 0.216504,
        "29": 0.216504,
        "30": 0.216504,
        "31": 0.216504,
        "32": 0.216504,
        "33": 0.088878,
        "34": 0.088878,
        "35": 0.088878,
        "36": 0.088878,
        "37": 0.088878,
        "38": 0.088878,
        "39": 0.088878,
        "40": 0.088878,
        "41": 0.088878,
        "42": 0.088878,
        "43": 0.088878,
        "44": 0.088878,
        "45": 0.088878,
        "46": 0.088878,
        "47": 0.088878,
        "48": 0.088878,
        "49": 0.088878,
        "50": 0.088878,
        "51": 0.088878,
        "52": 0.088878,
        "53": 0.088878,
        "54": 0.088878,
        "55": 0.088878,
        "56": 0.088878,
        "57": 0.088878,
        "58": 0.088878,
        "59": 0.088878,
        "60": 0.088878,
        "61": 0.088878,
        "62": 0.088878,
        "63": 0.088878,
        "64": 0.088878
    }
}