{
    "MSE": {
        "1": 0.00094,
        "2": 0.001441,
        "3": 0.000361,
        "4": 0.000445,
        "5": 0.000349,
        "6": 0.000423,
        "7": 0.000459,
        "8": 0.000689,
        "9": 0.000922,
        "10": 0.001454,
        "11": 0.002256,
        "12": 0.00332,
        "13": 0.0048,
        "14": 0.00652,
        "15": 0.008724,
        "16": 0.012079,
        "17": 0.015778,
        "18": 0.019714,
        "19": 0.0238,
        "20": 0.027648,
        "21": 0.03186,
        "22": 0.035812,
        "23": 0.040722,
        "24": 0.044869,
        "25": 0.050175,
        "26": 0.056064,
        "27": 0.061523,
        "28": 0.066669,
        "29": 0.071885,
        "30": 0.076946,
        "31": 0.082094,
        "32": 0.087456,
        "33": 0.092472,
        "34": 0.098177,
        "35": 0.103465,
        "36": 0.108919,
        "37": 0.113942,
        "38": 0.118596,
        "39": 0.124298,
        "40": 0.130249,
        "41": 0.136308,
        "42": 0.143193,
        "43": 0.148445,
        "44": 0.153956,
        "45": 0.159365,
        "46": 0.16412,
        "47": 0.168108,
        "48": 0.172731,
        "49": 0.177096,
        "50": 0.180632,
        "51": 0.183841,
        "52": 0.188065,
        "53": 0.190978,
        "54": 0.194506,
        "55": 0.19813,
        "56": 0.201936,
        "57": 0.206344,
        "58": 0.209457,
        "59": 0.213289,
        "60": 0.21738,
        "61": 0.221102,
        "62": 0.223686,
        "63": 0.227866,
        "64": 0.231904
    },
    "PSNR": {
        "1": 30.27,
        "2": 28.41,
        "3": 34.43,
        "4": 33.52,
        "5": 34.57,
        "6": 33.74,
        "7": 33.38,
        "8": 31.62,
        "9": 30.35,
        "10": 28.37,
        "11": 26.47,
        "12": 24.79,
        "13": 23.19,
        "14": 21.86,
        "15": 20.59,
        "16": 19.18,
        "17": 18.02,
        "18": 17.05,
        "19": 16.23,
        "20": 15.58,
        "21": 14.97,
        "22": 14.46,
        "23": 13.9,
        "24": 13.48,
        "25": 13.0,
        "26": 12.51,
        "27": 12.11,
        "28": 11.76,
        "29": 11.43,
        "30": 11.14,
        "31": 10.86,
        "32": 10.58,
        "33": 10.34,
        "34": 10.08,
        "35": 9.85,
        "36": 9.63,
        "37": 9.43,
        "38": 9.26,
        "39": 9.06,
        "40": 8.85,
        "41": 8.65,
        "42": 8.44,
        "43": 8.28,
        "44": 8.13,
        "45": 7.98,
        "46": 7.85,
        "47": 7.74,
        "48": 7.63,
        "49": 7.52,
        "50": 7.43,
        "51": 7.36,
        "52": 7.26,
        "53": 7.19,
        "54": 7.11,
        "55": 7.03,
        "56": 6.95,
        "57": 6.85,
        "58": 6.79,
        "59": 6.71,
        "60": 6.63,
        "61": 6.55,
        "62": 6.5,
        "63": 6.42,
        "64": 6.35
    },
    "SSIM": {
        "1": 0.925594,
        "2": 0.871805,
        "3": 0.957363,
        "4": 0.946256,
        "5": 0.955587,
        "6": 0.945878,
        "7": 0.945972,
        "8": 0.934235,
        "9": 0.931113,
        "10": 0.918006,
        "11": 0.90903,
        "12": 0.890972,
        "13": 0.875462,
        "14": 0.853485,
        "15": 0.836445,
        "16": 0.816128,
        "17": 0.800597,
        "18": 0.782388,
        "19": 0.767428,
        "20": 0.748306,
        "21": 0.731559,
        "22": 0.711948,
        "23": 0.693682,
        "24": 0.672905,
        "25": 0.65351,
        "26": 0.632675,
        "27": 0.614204,
        "28": 0.594073,
        "29": 0.574687,
        "30": 0.553244,
        "31": 0.532752,
        "32": 0.511636,
        "33": 0.491896,
        "34": 0.470989,
        "35": 0.451585,
        "36": 0.43134,
        "37": 0.412251,
        "38": 0.392575,
        "39": 0.373505,
        "40": 0.354298,
        "41": 0.334755,
        "42": 0.315856,
        "43": 0.298345,
        "44": 0.281535,
        "45": 0.266166,
        "46": 0.25212,
        "47": 0.239119,
        "48": 0.226821,
        "49": 0.215609,
        "50": 0.205592,
        "51": 0.19646,
        "52": 0.187178,
        "53": 0.178971,
        "54": 0.170786,
        "55": 0.161824,
        "56": 0.152691,
        "57": 0.143954,
        "58": 0.13492,
        "59": 0.126704,
        "60": 0.118677,
        "61": 0.111506,
        "62": 0.104295,
        "63": 0.097304,
        "64": 0.090487
    }
}