{
    "MSE": {
        "1": 0.00094,
        "2": 0.001447,
        "3": 0.000361,
        "4": 0.000447,
        "5": 0.000349,
        "6": 0.000424,
        "7": 0.000465,
        "8": 0.000706,
        "9": 0.000976,
        "10": 0.001563,
        "11": 0.002491,
        "12": 0.003722,
        "13": 0.005304,
        "14": 0.007258,
        "15": 0.009826,
        "16": 0.013476,
        "17": 0.017601,
        "18": 0.021854,
        "19": 0.025962,
        "20": 0.030492,
        "21": 0.035466,
        "22": 0.040114,
        "23": 0.045338,
        "24": 0.050358,
        "25": 0.055886,
        "26": 0.061819,
        "27": 0.0675,
        "28": 0.072976,
        "29": 0.078296,
        "30": 0.083881,
        "31": 0.089352,
        "32": 0.095667,
        "33": 0.10148,
        "34": 0.107368,
        "35": 0.112838,
        "36": 0.119077,
        "37": 0.124542,
        "38": 0.13059,
        "39": 0.136426,
        "40": 0.142316,
        "41": 0.148757,
        "42": 0.154393,
        "43": 0.15988,
        "44": 0.165243,
        "45": 0.170105,
        "46": 0.175109,
        "47": 0.179878,
        "48": 0.184014,
        "49": 0.187774,
        "50": 0.191427,
        "51": 0.194649,
        "52": 0.19833,
        "53": 0.202693,
        "54": 0.206642,
        "55": 0.210296,
        "56": 0.214448,
        "57": 0.218913,
        "58": 0.222873,
        "59": 0.226667,
        "60": 0.230287,
        "61": 0.234102,
        "62": 0.237991,
        "63": 0.241874,
        "64": 0.245848
    },
    "PSNR": {
        "1": 30.27,
        "2": 28.39,
        "3": 34.43,
        "4": 33.5,
        "5": 34.57,
        "6": 33.73,
        "7": 33.32,
        "8": 31.51,
        "9": 30.11,
        "10": 28.06,
        "11": 26.04,
        "12": 24.29,
        "13": 22.75,
        "14": 21.39,
        "15": 20.08,
        "16": 18.7,
        "17": 17.54,
        "18": 16.6,
        "19": 15.86,
        "20": 15.16,
        "21": 14.5,
        "22": 13.97,
        "23": 13.44,
        "24": 12.98,
        "25": 12.53,
        "26": 12.09,
        "27": 11.71,
        "28": 11.37,
        "29": 11.06,
        "30": 10.76,
        "31": 10.49,
        "32": 10.19,
        "33": 9.94,
        "34": 9.69,
        "35": 9.48,
        "36": 9.24,
        "37": 9.05,
        "38": 8.84,
        "39": 8.65,
        "40": 8.47,
        "41": 8.28,
        "42": 8.11,
        "43": 7.96,
        "44": 7.82,
        "45": 7.69,
        "46": 7.57,
        "47": 7.45,
        "48": 7.35,
        "49": 7.26,
        "50": 7.18,
        "51": 7.11,
        "52": 7.03,
        "53": 6.93,
        "54": 6.85,
        "55": 6.77,
        "56": 6.69,
        "57": 6.6,
        "58": 6.52,
        "59": 6.45,
        "60": 6.38,
        "61": 6.31,
        "62": 6.23,
        "63": 6.16,
        "64": 6.09
    },
    "SSIM": {
        "1": 0.925594,
        "2": 0.87169,
        "3": 0.957365,
        "4": 0.946221,
        "5": 0.955591,
        "6": 0.94585,
        "7": 0.945948,
        "8": 0.933984,
        "9": 0.930828,
        "10": 0.917753,
        "11": 0.908838,
        "12": 0.890692,
        "13": 0.875115,
        "14": 0.852969,
        "15": 0.835672,
        "16": 0.815684,
        "17": 0.800079,
        "18": 0.782186,
        "19": 0.767505,
        "20": 0.748534,
        "21": 0.730955,
        "22": 0.710885,
        "23": 0.69289,
        "24": 0.672299,
        "25": 0.653121,
        "26": 0.632388,
        "27": 0.613804,
        "28": 0.593477,
        "29": 0.574217,
        "30": 0.552597,
        "31": 0.532679,
        "32": 0.511169,
        "33": 0.490911,
        "34": 0.47016,
        "35": 0.451043,
        "36": 0.430177,
        "37": 0.410947,
        "38": 0.391339,
        "39": 0.371957,
        "40": 0.352721,
        "41": 0.332901,
        "42": 0.314265,
        "43": 0.296981,
        "44": 0.280498,
        "45": 0.265281,
        "46": 0.251205,
        "47": 0.238193,
        "48": 0.226194,
        "49": 0.215199,
        "50": 0.205081,
        "51": 0.195722,
        "52": 0.186326,
        "53": 0.178075,
        "54": 0.169891,
        "55": 0.16103,
        "56": 0.152563,
        "57": 0.143647,
        "58": 0.13412,
        "59": 0.125614,
        "60": 0.117675,
        "61": 0.110157,
        "62": 0.102654,
        "63": 0.095671,
        "64": 0.088878
    }
}